id;city_code;name;state_id
1;05001;MEDELLÍN;1
2;05002;ABEJORRAL;1
3;05004;ABRIAQUÍ;1
4;05021;ALEJANDRÍA;1
5;05030;AMAGÁ;1
6;05031;AMALFI;1
7;05034;ANDES;1
8;05036;ANGELÓPOLIS;1
9;05038;ANGOSTURA;1
10;05040;ANORÍ;1
11;05042;SANTA FÉ DE ANTIOQUIA;1
12;05044;ANZÁ;1
13;05045;APARTADÓ;1
14;05051;ARBOLETES;1
15;05055;ARGELIA;1
16;05059;ARMENIA;1
17;05079;BARBOSA;1
18;05086;BELMIRA;1
19;05088;BELLO;1
20;05091;BETANIA;1
21;05093;BETULIA;1
22;05101;CIUDAD BOLÍVAR;1
23;05107;BRICEÑO;1
24;05113;BURITICÁ;1
25;05120;CÁCERES;1
26;05125;CAICEDO;1
27;05129;CALDAS;1
28;05134;CAMPAMENTO;1
29;05138;CAÑASGORDAS;1
30;05142;CARACOLÍ;1
31;05145;CARAMANTA;1
32;05147;CAREPA;1
33;05148;EL CARMEN DE VIBORAL;1
34;05150;CAROLINA;1
35;05154;CAUCASIA;1
36;05172;CHIGORODÓ;1
37;05190;CISNEROS;1
38;05197;COCORNÁ;1
39;05206;CONCEPCIÓN;1
40;05209;CONCORDIA;1
41;05212;COPACABANA;1
42;05234;DABEIBA;1
43;05237;DONMATÍAS;1
44;05240;EBÉJICO;1
45;05250;EL BAGRE;1
46;05264;ENTRERRÍOS;1
47;05266;ENVIGADO;1
48;05282;FREDONIA;1
49;05284;FRONTINO;1
50;05306;GIRALDO;1
51;05308;GIRARDOTA;1
52;05310;GÓMEZ PLATA;1
53;05313;GRANADA;1
54;05315;GUADALUPE;1
55;05318;GUARNE;1
56;05321;GUATAPÉ;1
57;05347;HELICONIA;1
58;05353;HISPANIA;1
59;05360;ITAGÜÍ;1
60;05361;ITUANGO;1
61;05364;JARDÍN;1
62;05368;JERICÓ;1
63;05376;LA CEJA;1
64;05380;LA ESTRELLA;1
65;05390;LA PINTADA;1
66;05400;LA UNIÓN;1
67;05411;LIBORINA;1
68;05425;MACEO;1
69;05440;MARINILLA;1
70;05467;MONTEBELLO;1
71;05475;MURINDÓ;1
72;05480;MUTATÁ;1
73;05483;NARIÑO;1
74;05490;NECOCLÍ;1
75;05495;NECHÍ;1
76;05501;OLAYA;1
77;05541;PEÑOL;1
78;05543;PEQUE;1
79;05576;PUEBLORRICO;1
80;05579;PUERTO BERRÍO;1
81;05585;PUERTO NARE;1
82;05591;PUERTO TRIUNFO;1
83;05604;REMEDIOS;1
84;05607;RETIRO;1
85;05615;RIONEGRO;1
86;05628;SABANALARGA;1
87;05631;SABANETA;1
88;05642;SALGAR;1
89;05647;SAN ANDRÉS DE CUERQUÍA;1
90;05649;SAN CARLOS;1
91;05652;SAN FRANCISCO;1
92;05656;SAN JERÓNIMO;1
93;05658;SAN JOSÉ DE LA MONTAÑA;1
94;05659;SAN JUAN DE URABÁ;1
95;05660;SAN LUIS;1
96;05664;SAN PEDRO DE LOS MILAGROS;1
97;05665;SAN PEDRO DE URABÁ;1
98;05667;SAN RAFAEL;1
99;05670;SAN ROQUE;1
100;05674;SAN VICENTE FERRER;1
101;05679;SANTA BÁRBARA;1
102;05686;SANTA ROSA DE OSOS;1
103;05690;SANTO DOMINGO;1
104;05697;EL SANTUARIO;1
105;05736;SEGOVIA;1
106;05756;SONSÓN;1
107;05761;SOPETRÁN;1
108;05789;TÁMESIS;1
109;05790;TARAZÁ;1
110;05792;TARSO;1
111;05809;TITIRIBÍ;1
112;05819;TOLEDO;1
113;05837;TURBO;1
114;05842;URAMITA;1
115;05847;URRAO;1
116;05854;VALDIVIA;1
117;05856;VALPARAÍSO;1
118;05858;VEGACHÍ;1
119;05861;VENECIA;1
120;05873;VIGÍA DEL FUERTE;1
121;05885;YALÍ;1
122;05887;YARUMAL;1
123;05890;YOLOMBÓ;1
124;05893;YONDÓ;1
125;05895;ZARAGOZA;1
126;08001;BARRANQUILLA;2
127;08078;BARANOA;2
128;08137;CAMPO DE LA CRUZ;2
129;08141;CANDELARIA;2
130;08296;GALAPA;2
131;08372;JUAN DE ACOSTA;2
132;08421;LURUACO;2
133;08433;MALAMBO;2
134;08436;MANATÍ;2
135;08520;PALMAR DE VARELA;2
136;08549;PIOJÓ;2
137;08558;POLONUEVO;2
138;08560;PONEDERA;2
139;08573;PUERTO COLOMBIA;2
140;08606;REPELÓN;2
141;08634;SABANAGRANDE;2
142;08638;SABANALARGA;2
143;08675;SANTA LUCÍA;2
144;08685;SANTO TOMÁS;2
145;08758;SOLEDAD;2
146;08770;SUAN;2
147;08832;TUBARÁ;2
148;08849;USIACURÍ;2
149;11001;BOGOTÁ, D.C.;3
150;13001;CARTAGENA DE INDIAS;4
151;13006;ACHÍ;4
152;13030;ALTOS DEL ROSARIO;4
153;13042;ARENAL;4
154;13052;ARJONA;4
155;13062;ARROYOHONDO;4
156;13074;BARRANCO DE LOBA;4
157;13140;CALAMAR;4
158;13160;CANTAGALLO;4
159;13188;CICUCO;4
160;13212;CÓRDOBA;4
161;13222;CLEMENCIA;4
162;13244;EL CARMEN DE BOLÍVAR;4
163;13248;EL GUAMO;4
164;13268;EL PEÑÓN;4
165;13300;HATILLO DE LOBA;4
166;13430;MAGANGUÉ;4
167;13433;MAHATES;4
168;13440;MARGARITA;4
169;13442;MARÍA LA BAJA;4
170;13458;MONTECRISTO;4
171;13468;SANTA CRUZ DE MOMPOX;4
172;13473;MORALES;4
173;13490;NOROSÍ;4
174;13549;PINILLOS;4
175;13580;REGIDOR;4
176;13600;RÍO VIEJO;4
177;13620;SAN CRISTÓBAL;4
178;13647;SAN ESTANISLAO;4
179;13650;SAN FERNANDO;4
180;13654;SAN JACINTO;4
181;13655;SAN JACINTO DEL CAUCA;4
182;13657;SAN JUAN NEPOMUCENO;4
183;13667;SAN MARTÍN DE LOBA;4
184;13670;SAN PABLO;4
185;13673;SANTA CATALINA;4
186;13683;SANTA ROSA;4
187;13688;SANTA ROSA DEL SUR;4
188;13744;SIMITÍ;4
189;13760;SOPLAVIENTO;4
190;13780;TALAIGUA NUEVO;4
191;13810;TIQUISIO;4
192;13836;TURBACO;4
193;13838;TURBANA;4
194;13873;VILLANUEVA;4
195;13894;ZAMBRANO;4
196;15001;TUNJA;5
197;15022;ALMEIDA;5
198;15047;AQUITANIA;5
199;15051;ARCABUCO;5
200;15087;BELÉN;5
201;15090;BERBEO;5
202;15092;BETÉITIVA;5
203;15097;BOAVITA;5
204;15104;BOYACÁ;5
205;15106;BRICEÑO;5
206;15109;BUENAVISTA;5
207;15114;BUSBANZÁ;5
208;15131;CALDAS;5
209;15135;CAMPOHERMOSO;5
210;15162;CERINZA;5
211;15172;CHINAVITA;5
212;15176;CHIQUINQUIRÁ;5
213;15180;CHISCAS;5
214;15183;CHITA;5
215;15185;CHITARAQUE;5
216;15187;CHIVATÁ;5
217;15189;CIÉNEGA;5
218;15204;CÓMBITA;5
219;15212;COPER;5
220;15215;CORRALES;5
221;15218;COVARACHÍA;5
222;15223;CUBARÁ;5
223;15224;CUCAITA;5
224;15226;CUÍTIVA;5
225;15232;CHÍQUIZA;5
226;15236;CHIVOR;5
227;15238;DUITAMA;5
228;15244;EL COCUY;5
229;15248;EL ESPINO;5
230;15272;FIRAVITOBA;5
231;15276;FLORESTA;5
232;15293;GACHANTIVÁ;5
233;15296;GÁMEZA;5
234;15299;GARAGOA;5
235;15317;GUACAMAYAS;5
236;15322;GUATEQUE;5
237;15325;GUAYATÁ;5
238;15332;GÜICÁN DE LA SIERRA;5
239;15362;IZA;5
240;15367;JENESANO;5
241;15368;JERICÓ;5
242;15377;LABRANZAGRANDE;5
243;15380;LA CAPILLA;5
244;15401;LA VICTORIA;5
245;15403;LA UVITA;5
246;15407;VILLA DE LEYVA;5
247;15425;MACANAL;5
248;15442;MARIPÍ;5
249;15455;MIRAFLORES;5
250;15464;MONGUA;5
251;15466;MONGUÍ;5
252;15469;MONIQUIRÁ;5
253;15476;MOTAVITA;5
254;15480;MUZO;5
255;15491;NOBSA;5
256;15494;NUEVO COLÓN;5
257;15500;OICATÁ;5
258;15507;OTANCHE;5
259;15511;PACHAVITA;5
260;15514;PÁEZ;5
261;15516;PAIPA;5
262;15518;PAJARITO;5
263;15522;PANQUEBA;5
264;15531;PAUNA;5
265;15533;PAYA;5
266;15537;PAZ DE RÍO;5
267;15542;PESCA;5
268;15550;PISBA;5
269;15572;PUERTO BOYACÁ;5
270;15580;QUÍPAMA;5
271;15599;RAMIRIQUÍ;5
272;15600;RÁQUIRA;5
273;15621;RONDÓN;5
274;15632;SABOYÁ;5
275;15638;SÁCHICA;5
276;15646;SAMACÁ;5
277;15660;SAN EDUARDO;5
278;15664;SAN JOSÉ DE PARE;5
279;15667;SAN LUIS DE GACENO;5
280;15673;SAN MATEO;5
281;15676;SAN MIGUEL DE SEMA;5
282;15681;SAN PABLO DE BORBUR;5
283;15686;SANTANA;5
284;15690;SANTA MARÍA;5
285;15693;SANTA ROSA DE VITERBO;5
286;15696;SANTA SOFÍA;5
287;15720;SATIVANORTE;5
288;15723;SATIVASUR;5
289;15740;SIACHOQUE;5
290;15753;SOATÁ;5
291;15755;SOCOTÁ;5
292;15757;SOCHA;5
293;15759;SOGAMOSO;5
294;15761;SOMONDOCO;5
295;15762;SORA;5
296;15763;SOTAQUIRÁ;5
297;15764;SORACÁ;5
298;15774;SUSACÓN;5
299;15776;SUTAMARCHÁN;5
300;15778;SUTATENZA;5
301;15790;TASCO;5
302;15798;TENZA;5
303;15804;TIBANÁ;5
304;15806;TIBASOSA;5
305;15808;TINJACÁ;5
306;15810;TIPACOQUE;5
307;15814;TOCA;5
308;15816;TOGÜÍ;5
309;15820;TÓPAGA;5
310;15822;TOTA;5
311;15832;TUNUNGUÁ;5
312;15835;TURMEQUÉ;5
313;15837;TUTA;5
314;15839;TUTAZÁ;5
315;15842;ÚMBITA;5
316;15861;VENTAQUEMADA;5
317;15879;VIRACACHÁ;5
318;15897;ZETAQUIRA;5
319;17001;MANIZALES;6
320;17013;AGUADAS;6
321;17042;ANSERMA;6
322;17050;ARANZAZU;6
323;17088;BELALCÁZAR;6
324;17174;CHINCHINÁ;6
325;17272;FILADELFIA;6
326;17380;LA DORADA;6
327;17388;LA MERCED;6
328;17433;MANZANARES;6
329;17442;MARMATO;6
330;17444;MARQUETALIA;6
331;17446;MARULANDA;6
332;17486;NEIRA;6
333;17495;NORCASIA;6
334;17513;PÁCORA;6
335;17524;PALESTINA;6
336;17541;PENSILVANIA;6
337;17614;RIOSUCIO;6
338;17616;RISARALDA;6
339;17653;SALAMINA;6
340;17662;SAMANÁ;6
341;17665;SAN JOSÉ;6
342;17777;SUPÍA;6
343;17867;VICTORIA;6
344;17873;VILLAMARÍA;6
345;17877;VITERBO;6
346;18001;FLORENCIA;7
347;18029;ALBANIA;7
348;18094;BELÉN DE LOS ANDAQUÍES;7
349;18150;CARTAGENA DEL CHAIRÁ;7
350;18205;CURILLO;7
351;18247;EL DONCELLO;7
352;18256;EL PAUJÍL;7
353;18410;LA MONTAÑITA;7
354;18460;MILÁN;7
355;18479;MORELIA;7
356;18592;PUERTO RICO;7
357;18610;SAN JOSÉ DEL FRAGUA;7
358;18753;SAN VICENTE DEL CAGUÁN;7
359;18756;SOLANO;7
360;18785;SOLITA;7
361;18860;VALPARAÍSO;7
362;19001;POPAYÁN;8
363;19022;ALMAGUER;8
364;19050;ARGELIA;8
365;19075;BALBOA;8
366;19100;BOLÍVAR;8
367;19110;BUENOS AIRES;8
368;19130;CAJIBÍO;8
369;19137;CALDONO;8
370;19142;CALOTO;8
371;19212;CORINTO;8
372;19256;EL TAMBO;8
373;19290;FLORENCIA;8
374;19300;GUACHENÉ;8
375;19318;GUAPI;8
376;19355;INZÁ;8
377;19364;JAMBALÓ;8
378;19392;LA SIERRA;8
379;19397;LA VEGA;8
380;19418;LÓPEZ DE MICAY;8
381;19450;MERCADERES;8
382;19455;MIRANDA;8
383;19473;MORALES;8
384;19513;PADILLA;8
385;19517;PÁEZ;8
386;19532;PATÍA;8
387;19533;PIAMONTE;8
388;19548;PIENDAMÓ - TUNÍA;8
389;19573;PUERTO TEJADA;8
390;19585;PURACÉ;8
391;19622;ROSAS;8
392;19693;SAN SEBASTIÁN;8
393;19698;SANTANDER DE QUILICHAO;8
394;19701;SANTA ROSA;8
395;19743;SILVIA;8
396;19760;SOTARÁ PAISPAMBA;8
397;19780;SUÁREZ;8
398;19785;SUCRE;8
399;19807;TIMBÍO;8
400;19809;TIMBIQUÍ;8
401;19821;TORIBÍO;8
402;19824;TOTORÓ;8
403;19845;VILLA RICA;8
404;20001;VALLEDUPAR;9
405;20011;AGUACHICA;9
406;20013;AGUSTÍN CODAZZI;9
407;20032;ASTREA;9
408;20045;BECERRIL;9
409;20060;BOSCONIA;9
410;20175;CHIMICHAGUA;9
411;20178;CHIRIGUANÁ;9
412;20228;CURUMANÍ;9
413;20238;EL COPEY;9
414;20250;EL PASO;9
415;20295;GAMARRA;9
416;20310;GONZÁLEZ;9
417;20383;LA GLORIA;9
418;20400;LA JAGUA DE IBIRICO;9
419;20443;MANAURE BALCÓN DEL CESAR;9
420;20517;PAILITAS;9
421;20550;PELAYA;9
422;20570;PUEBLO BELLO;9
423;20614;RÍO DE ORO;9
424;20621;LA PAZ;9
425;20710;SAN ALBERTO;9
426;20750;SAN DIEGO;9
427;20770;SAN MARTÍN;9
428;20787;TAMALAMEQUE;9
429;23001;MONTERÍA;10
430;23068;AYAPEL;10
431;23079;BUENAVISTA;10
432;23090;CANALETE;10
433;23162;CERETÉ;10
434;23168;CHIMÁ;10
435;23182;CHINÚ;10
436;23189;CIÉNAGA DE ORO;10
437;23300;COTORRA;10
438;23350;LA APARTADA;10
439;23417;LORICA;10
440;23419;LOS CÓRDOBAS;10
441;23464;MOMIL;10
442;23466;MONTELÍBANO;10
443;23500;MOÑITOS;10
444;23555;PLANETA RICA;10
445;23570;PUEBLO NUEVO;10
446;23574;PUERTO ESCONDIDO;10
447;23580;PUERTO LIBERTADOR;10
448;23586;PURÍSIMA DE LA CONCEPCIÓN;10
449;23660;SAHAGÚN;10
450;23670;SAN ANDRÉS DE SOTAVENTO;10
451;23672;SAN ANTERO;10
452;23675;SAN BERNARDO DEL VIENTO;10
453;23678;SAN CARLOS;10
454;23682;SAN JOSÉ DE URÉ;10
455;23686;SAN PELAYO;10
456;23807;TIERRALTA;10
457;23815;TUCHÍN;10
458;23855;VALENCIA;10
459;25001;AGUA DE DIOS;11
460;25019;ALBÁN;11
461;25035;ANAPOIMA;11
462;25040;ANOLAIMA;11
463;25053;ARBELÁEZ;11
464;25086;BELTRÁN;11
465;25095;BITUIMA;11
466;25099;BOJACÁ;11
467;25120;CABRERA;11
468;25123;CACHIPAY;11
469;25126;CAJICÁ;11
470;25148;CAPARRAPÍ;11
471;25151;CÁQUEZA;11
472;25154;CARMEN DE CARUPA;11
473;25168;CHAGUANÍ;11
474;25175;CHÍA;11
475;25178;CHIPAQUE;11
476;25181;CHOACHÍ;11
477;25183;CHOCONTÁ;11
478;25200;COGUA;11
479;25214;COTA;11
480;25224;CUCUNUBÁ;11
481;25245;EL COLEGIO;11
482;25258;EL PEÑÓN;11
483;25260;EL ROSAL;11
484;25269;FACATATIVÁ;11
485;25279;FÓMEQUE;11
486;25281;FOSCA;11
487;25286;FUNZA;11
488;25288;FÚQUENE;11
489;25290;FUSAGASUGÁ;11
490;25293;GACHALÁ;11
491;25295;GACHANCIPÁ;11
492;25297;GACHETÁ;11
493;25299;GAMA;11
494;25307;GIRARDOT;11
495;25312;GRANADA;11
496;25317;GUACHETÁ;11
497;25320;GUADUAS;11
498;25322;GUASCA;11
499;25324;GUATAQUÍ;11
500;25326;GUATAVITA;11
501;25328;GUAYABAL DE SÍQUIMA;11
502;25335;GUAYABETAL;11
503;25339;GUTIÉRREZ;11
504;25368;JERUSALÉN;11
505;25372;JUNÍN;11
506;25377;LA CALERA;11
507;25386;LA MESA;11
508;25394;LA PALMA;11
509;25398;LA PEÑA;11
510;25402;LA VEGA;11
511;25407;LENGUAZAQUE;11
512;25426;MACHETÁ;11
513;25430;MADRID;11
514;25436;MANTA;11
515;25438;MEDINA;11
516;25473;MOSQUERA;11
517;25483;NARIÑO;11
518;25486;NEMOCÓN;11
519;25488;NILO;11
520;25489;NIMAIMA;11
521;25491;NOCAIMA;11
522;25506;VENECIA;11
523;25513;PACHO;11
524;25518;PAIME;11
525;25524;PANDI;11
526;25530;PARATEBUENO;11
527;25535;PASCA;11
528;25572;PUERTO SALGAR;11
529;25580;PULÍ;11
530;25592;QUEBRADANEGRA;11
531;25594;QUETAME;11
532;25596;QUIPILE;11
533;25599;APULO;11
534;25612;RICAURTE;11
535;25645;SAN ANTONIO DEL TEQUENDAMA;11
536;25649;SAN BERNARDO;11
537;25653;SAN CAYETANO;11
538;25658;SAN FRANCISCO;11
539;25662;SAN JUAN DE RIOSECO;11
540;25718;SASAIMA;11
541;25736;SESQUILÉ;11
542;25740;SIBATÉ;11
543;25743;SILVANIA;11
544;25745;SIMIJACA;11
545;25754;SOACHA;11
546;25758;SOPÓ;11
547;25769;SUBACHOQUE;11
548;25772;SUESCA;11
549;25777;SUPATÁ;11
550;25779;SUSA;11
551;25781;SUTATAUSA;11
552;25785;TABIO;11
553;25793;TAUSA;11
554;25797;TENA;11
555;25799;TENJO;11
556;25805;TIBACUY;11
557;25807;TIBIRITA;11
558;25815;TOCAIMA;11
559;25817;TOCANCIPÁ;11
560;25823;TOPAIPÍ;11
561;25839;UBALÁ;11
562;25841;UBAQUE;11
563;25843;VILLA DE SAN DIEGO DE UBATÉ;11
564;25845;UNE;11
565;25851;ÚTICA;11
566;25862;VERGARA;11
567;25867;VIANÍ;11
568;25871;VILLAGÓMEZ;11
569;25873;VILLAPINZÓN;11
570;25875;VILLETA;11
571;25878;VIOTÁ;11
572;25885;YACOPÍ;11
573;25898;ZIPACÓN;11
574;25899;ZIPAQUIRÁ;11
575;27001;QUIBDÓ;12
576;27006;ACANDÍ;12
577;27025;ALTO BAUDÓ;12
578;27050;ATRATO;12
579;27073;BAGADÓ;12
580;27075;BAHÍA SOLANO;12
581;27077;BAJO BAUDÓ;12
582;27099;BOJAYÁ;12
583;27135;EL CANTÓN DEL SAN PABLO;12
584;27150;CARMEN DEL DARIÉN;12
585;27160;CÉRTEGUI;12
586;27205;CONDOTO;12
587;27245;EL CARMEN DE ATRATO;12
588;27250;EL LITORAL DEL SAN JUAN;12
589;27361;ISTMINA;12
590;27372;JURADÓ;12
591;27413;LLORÓ;12
592;27425;MEDIO ATRATO;12
593;27430;MEDIO BAUDÓ;12
594;27450;MEDIO SAN JUAN;12
595;27491;NÓVITA;12
596;27493;NUEVO BELÉN DE BAJIRÁ;12
597;27495;NUQUÍ;12
598;27580;RÍO IRÓ;12
599;27600;RÍO QUITO;12
600;27615;RIOSUCIO;12
601;27660;SAN JOSÉ DEL PALMAR;12
602;27745;SIPÍ;12
603;27787;TADÓ;12
604;27800;UNGUÍA;12
605;27810;UNIÓN PANAMERICANA;12
606;41001;NEIVA;13
607;41006;ACEVEDO;13
608;41013;AGRADO;13
609;41016;AIPE;13
610;41020;ALGECIRAS;13
611;41026;ALTAMIRA;13
612;41078;BARAYA;13
613;41132;CAMPOALEGRE;13
614;41206;COLOMBIA;13
615;41244;ELÍAS;13
616;41298;GARZÓN;13
617;41306;GIGANTE;13
618;41319;GUADALUPE;13
619;41349;HOBO;13
620;41357;ÍQUIRA;13
621;41359;ISNOS;13
622;41378;LA ARGENTINA;13
623;41396;LA PLATA;13
624;41483;NÁTAGA;13
625;41503;OPORAPA;13
626;41518;PAICOL;13
627;41524;PALERMO;13
628;41530;PALESTINA;13
629;41548;PITAL;13
630;41551;PITALITO;13
631;41615;RIVERA;13
632;41660;SALADOBLANCO;13
633;41668;SAN AGUSTÍN;13
634;41676;SANTA MARÍA;13
635;41770;SUAZA;13
636;41791;TARQUI;13
637;41797;TESALIA;13
638;41799;TELLO;13
639;41801;TERUEL;13
640;41807;TIMANÁ;13
641;41872;VILLAVIEJA;13
642;41885;YAGUARÁ;13
643;44001;RIOHACHA;14
644;44035;ALBANIA;14
645;44078;BARRANCAS;14
646;44090;DIBULLA;14
647;44098;DISTRACCIÓN;14
648;44110;EL MOLINO;14
649;44279;FONSECA;14
650;44378;HATONUEVO;14
651;44420;LA JAGUA DEL PILAR;14
652;44430;MAICAO;14
653;44560;MANAURE;14
654;44650;SAN JUAN DEL CESAR;14
655;44847;URIBIA;14
656;44855;URUMITA;14
657;44874;VILLANUEVA;14
658;47001;SANTA MARTA;15
659;47030;ALGARROBO;15
660;47053;ARACATACA;15
661;47058;ARIGUANÍ;15
662;47161;CERRO DE SAN ANTONIO;15
663;47170;CHIVOLO;15
664;47189;CIÉNAGA;15
665;47205;CONCORDIA;15
666;47245;EL BANCO;15
667;47258;EL PIÑÓN;15
668;47268;EL RETÉN;15
669;47288;FUNDACIÓN;15
670;47318;GUAMAL;15
671;47460;NUEVA GRANADA;15
672;47541;PEDRAZA;15
673;47545;PIJIÑO DEL CARMEN;15
674;47551;PIVIJAY;15
675;47555;PLATO;15
676;47570;PUEBLOVIEJO;15
677;47605;REMOLINO;15
678;47660;SABANAS DE SAN ÁNGEL;15
679;47675;SALAMINA;15
680;47692;SAN SEBASTIÁN DE BUENAVISTA;15
681;47703;SAN ZENÓN;15
682;47707;SANTA ANA;15
683;47720;SANTA BÁRBARA DE PINTO;15
684;47745;SITIONUEVO;15
685;47798;TENERIFE;15
686;47960;ZAPAYÁN;15
687;47980;ZONA BANANERA;15
688;50001;VILLAVICENCIO;16
689;50006;ACACÍAS;16
690;50110;BARRANCA DE UPÍA;16
691;50124;CABUYARO;16
692;50150;CASTILLA LA NUEVA;16
693;50223;CUBARRAL;16
694;50226;CUMARAL;16
695;50245;EL CALVARIO;16
696;50251;EL CASTILLO;16
697;50270;EL DORADO;16
698;50287;FUENTE DE ORO;16
699;50313;GRANADA;16
700;50318;GUAMAL;16
701;50325;MAPIRIPÁN;16
702;50330;MESETAS;16
703;50350;LA MACARENA;16
704;50370;URIBE;16
705;50400;LEJANÍAS;16
706;50450;PUERTO CONCORDIA;16
707;50568;PUERTO GAITÁN;16
708;50573;PUERTO LÓPEZ;16
709;50577;PUERTO LLERAS;16
710;50590;PUERTO RICO;16
711;50606;RESTREPO;16
712;50680;SAN CARLOS DE GUAROA;16
713;50683;SAN JUAN DE ARAMA;16
714;50686;SAN JUANITO;16
715;50689;SAN MARTÍN;16
716;50711;VISTAHERMOSA;16
717;52001;PASTO;17
718;52019;ALBÁN;17
719;52022;ALDANA;17
720;52036;ANCUYA;17
721;52051;ARBOLEDA;17
722;52079;BARBACOAS;17
723;52083;BELÉN;17
724;52110;BUESACO;17
725;52203;COLÓN;17
726;52207;CONSACÁ;17
727;52210;CONTADERO;17
728;52215;CÓRDOBA;17
729;52224;CUASPUD CARLOSAMA;17
730;52227;CUMBAL;17
731;52233;CUMBITARA;17
732;52240;CHACHAGÜÍ;17
733;52250;EL CHARCO;17
734;52254;EL PEÑOL;17
735;52256;EL ROSARIO;17
736;52258;EL TABLÓN DE GÓMEZ;17
737;52260;EL TAMBO;17
738;52287;FUNES;17
739;52317;GUACHUCAL;17
740;52320;GUAITARILLA;17
741;52323;GUALMATÁN;17
742;52352;ILES;17
743;52354;IMUÉS;17
744;52356;IPIALES;17
745;52378;LA CRUZ;17
746;52381;LA FLORIDA;17
747;52385;LA LLANADA;17
748;52390;LA TOLA;17
749;52399;LA UNIÓN;17
750;52405;LEIVA;17
751;52411;LINARES;17
752;52418;LOS ANDES;17
753;52427;MAGÜÍ;17
754;52435;MALLAMA;17
755;52473;MOSQUERA;17
756;52480;NARIÑO;17
757;52490;OLAYA HERRERA;17
758;52506;OSPINA;17
759;52520;FRANCISCO PIZARRO;17
760;52540;POLICARPA;17
761;52560;POTOSÍ;17
762;52565;PROVIDENCIA;17
763;52573;PUERRES;17
764;52585;PUPIALES;17
765;52612;RICAURTE;17
766;52621;ROBERTO PAYÁN;17
767;52678;SAMANIEGO;17
768;52683;SANDONÁ;17
769;52685;SAN BERNARDO;17
770;52687;SAN LORENZO;17
771;52693;SAN PABLO;17
772;52694;SAN PEDRO DE CARTAGO;17
773;52696;SANTA BÁRBARA;17
774;52699;SANTACRUZ;17
775;52720;SAPUYES;17
776;52786;TAMINANGO;17
777;52788;TANGUA;17
778;52835;SAN ANDRÉS DE TUMACO;17
779;52838;TÚQUERRES;17
780;52885;YACUANQUER;17
781;54001;SAN JOSÉ DE CÚCUTA;18
782;54003;ÁBREGO;18
783;54051;ARBOLEDAS;18
784;54099;BOCHALEMA;18
785;54109;BUCARASICA;18
786;54125;CÁCOTA;18
787;54128;CÁCHIRA;18
788;54172;CHINÁCOTA;18
789;54174;CHITAGÁ;18
790;54206;CONVENCIÓN;18
791;54223;CUCUTILLA;18
792;54239;DURANIA;18
793;54245;EL CARMEN;18
794;54250;EL TARRA;18
795;54261;EL ZULIA;18
796;54313;GRAMALOTE;18
797;54344;HACARÍ;18
798;54347;HERRÁN;18
799;54377;LABATECA;18
800;54385;LA ESPERANZA;18
801;54398;LA PLAYA;18
802;54405;LOS PATIOS;18
803;54418;LOURDES;18
804;54480;MUTISCUA;18
805;54498;OCAÑA;18
806;54518;PAMPLONA;18
807;54520;PAMPLONITA;18
808;54553;PUERTO SANTANDER;18
809;54599;RAGONVALIA;18
810;54660;SALAZAR;18
811;54670;SAN CALIXTO;18
812;54673;SAN CAYETANO;18
813;54680;SANTIAGO;18
814;54720;SARDINATA;18
815;54743;SILOS;18
816;54800;TEORAMA;18
817;54810;TIBÚ;18
818;54820;TOLEDO;18
819;54871;VILLA CARO;18
820;54874;VILLA DEL ROSARIO;18
821;63001;ARMENIA;19
822;63111;BUENAVISTA;19
823;63130;CALARCÁ;19
824;63190;CIRCASIA;19
825;63212;CÓRDOBA;19
826;63272;FILANDIA;19
827;63302;GÉNOVA;19
828;63401;LA TEBAIDA;19
829;63470;MONTENEGRO;19
830;63548;PIJAO;19
831;63594;QUIMBAYA;19
832;63690;SALENTO;19
833;66001;PEREIRA;20
834;66045;APÍA;20
835;66075;BALBOA;20
836;66088;BELÉN DE UMBRÍA;20
837;66170;DOSQUEBRADAS;20
838;66318;GUÁTICA;20
839;66383;LA CELIA;20
840;66400;LA VIRGINIA;20
841;66440;MARSELLA;20
842;66456;MISTRATÓ;20
843;66572;PUEBLO RICO;20
844;66594;QUINCHÍA;20
845;66682;SANTA ROSA DE CABAL;20
846;66687;SANTUARIO;20
847;68001;BUCARAMANGA;21
848;68013;AGUADA;21
849;68020;ALBANIA;21
850;68051;ARATOCA;21
851;68077;BARBOSA;21
852;68079;BARICHARA;21
853;68081;BARRANCABERMEJA;21
854;68092;BETULIA;21
855;68101;BOLÍVAR;21
856;68121;CABRERA;21
857;68132;CALIFORNIA;21
858;68147;CAPITANEJO;21
859;68152;CARCASÍ;21
860;68160;CEPITÁ;21
861;68162;CERRITO;21
862;68167;CHARALÁ;21
863;68169;CHARTA;21
864;68176;CHIMA;21
865;68179;CHIPATÁ;21
866;68190;CIMITARRA;21
867;68207;CONCEPCIÓN;21
868;68209;CONFINES;21
869;68211;CONTRATACIÓN;21
870;68217;COROMORO;21
871;68229;CURITÍ;21
872;68235;EL CARMEN DE CHUCURÍ;21
873;68245;EL GUACAMAYO;21
874;68250;EL PEÑÓN;21
875;68255;EL PLAYÓN;21
876;68264;ENCINO;21
877;68266;ENCISO;21
878;68271;FLORIÁN;21
879;68276;FLORIDABLANCA;21
880;68296;GALÁN;21
881;68298;GÁMBITA;21
882;68307;GIRÓN;21
883;68318;GUACA;21
884;68320;GUADALUPE;21
885;68322;GUAPOTÁ;21
886;68324;GUAVATÁ;21
887;68327;GÜEPSA;21
888;68344;HATO;21
889;68368;JESÚS MARÍA;21
890;68370;JORDÁN;21
891;68377;LA BELLEZA;21
892;68385;LANDÁZURI;21
893;68397;LA PAZ;21
894;68406;LEBRIJA;21
895;68418;LOS SANTOS;21
896;68425;MACARAVITA;21
897;68432;MÁLAGA;21
898;68444;MATANZA;21
899;68464;MOGOTES;21
900;68468;MOLAGAVITA;21
901;68498;OCAMONTE;21
902;68500;OIBA;21
903;68502;ONZAGA;21
904;68522;PALMAR;21
905;68524;PALMAS DEL SOCORRO;21
906;68533;PÁRAMO;21
907;68547;PIEDECUESTA;21
908;68549;PINCHOTE;21
909;68572;PUENTE NACIONAL;21
910;68573;PUERTO PARRA;21
911;68575;PUERTO WILCHES;21
912;68615;RIONEGRO;21
913;68655;SABANA DE TORRES;21
914;68669;SAN ANDRÉS;21
915;68673;SAN BENITO;21
916;68679;SAN GIL;21
917;68682;SAN JOAQUÍN;21
918;68684;SAN JOSÉ DE MIRANDA;21
919;68686;SAN MIGUEL;21
920;68689;SAN VICENTE DE CHUCURÍ;21
921;68705;SANTA BÁRBARA;21
922;68720;SANTA HELENA DEL OPÓN;21
923;68745;SIMACOTA;21
924;68755;SOCORRO;21
925;68770;SUAITA;21
926;68773;SUCRE;21
927;68780;SURATÁ;21
928;68820;TONA;21
929;68855;VALLE DE SAN JOSÉ;21
930;68861;VÉLEZ;21
931;68867;VETAS;21
932;68872;VILLANUEVA;21
933;68895;ZAPATOCA;21
934;70001;SINCELEJO;22
935;70110;BUENAVISTA;22
936;70124;CAIMITO;22
937;70204;COLOSÓ;22
938;70215;COROZAL;22
939;70221;COVEÑAS;22
940;70230;CHALÁN;22
941;70233;EL ROBLE;22
942;70235;GALERAS;22
943;70265;GUARANDA;22
944;70400;LA UNIÓN;22
945;70418;LOS PALMITOS;22
946;70429;MAJAGUAL;22
947;70473;MORROA;22
948;70508;OVEJAS;22
949;70523;PALMITO;22
950;70670;SAMPUÉS;22
951;70678;SAN BENITO ABAD;22
952;70702;SAN JUAN DE BETULIA;22
953;70708;SAN MARCOS;22
954;70713;SAN ONOFRE;22
955;70717;SAN PEDRO;22
956;70742;SAN LUIS DE SINCÉ;22
957;70771;SUCRE;22
958;70820;SANTIAGO DE TOLÚ;22
959;70823;SAN JOSÉ DE TOLUVIEJO;22
960;73001;IBAGUÉ;23
961;73024;ALPUJARRA;23
962;73026;ALVARADO;23
963;73030;AMBALEMA;23
964;73043;ANZOÁTEGUI;23
965;73055;ARMERO;23
966;73067;ATACO;23
967;73124;CAJAMARCA;23
968;73148;CARMEN DE APICALÁ;23
969;73152;CASABIANCA;23
970;73168;CHAPARRAL;23
971;73200;COELLO;23
972;73217;COYAIMA;23
973;73226;CUNDAY;23
974;73236;DOLORES;23
975;73268;ESPINAL;23
976;73270;FALAN;23
977;73275;FLANDES;23
978;73283;FRESNO;23
979;73319;GUAMO;23
980;73347;HERVEO;23
981;73349;HONDA;23
982;73352;ICONONZO;23
983;73408;LÉRIDA;23
984;73411;LÍBANO;23
985;73443;SAN SEBASTIÁN DE MARIQUITA;23
986;73449;MELGAR;23
987;73461;MURILLO;23
988;73483;NATAGAIMA;23
989;73504;ORTEGA;23
990;73520;PALOCABILDO;23
991;73547;PIEDRAS;23
992;73555;PLANADAS;23
993;73563;PRADO;23
994;73585;PURIFICACIÓN;23
995;73616;RIOBLANCO;23
996;73622;RONCESVALLES;23
997;73624;ROVIRA;23
998;73671;SALDAÑA;23
999;73675;SAN ANTONIO;23
1000;73678;SAN LUIS;23
1001;73686;SANTA ISABEL;23
1002;73770;SUÁREZ;23
1003;73854;VALLE DE SAN JUAN;23
1004;73861;VENADILLO;23
1005;73870;VILLAHERMOSA;23
1006;73873;VILLARRICA;23
1007;76001;SANTIAGO DE CALI;24
1008;76020;ALCALÁ;24
1009;76036;ANDALUCÍA;24
1010;76041;ANSERMANUEVO;24
1011;76054;ARGELIA;24
1012;76100;BOLÍVAR;24
1013;76109;BUENAVENTURA;24
1014;76111;GUADALAJARA DE BUGA;24
1015;76113;BUGALAGRANDE;24
1016;76122;CAICEDONIA;24
1017;76126;CALIMA;24
1018;76130;CANDELARIA;24
1019;76147;CARTAGO;24
1020;76233;DAGUA;24
1021;76243;EL ÁGUILA;24
1022;76246;EL CAIRO;24
1023;76248;EL CERRITO;24
1024;76250;EL DOVIO;24
1025;76275;FLORIDA;24
1026;76306;GINEBRA;24
1027;76318;GUACARÍ;24
1028;76364;JAMUNDÍ;24
1029;76377;LA CUMBRE;24
1030;76400;LA UNIÓN;24
1031;76403;LA VICTORIA;24
1032;76497;OBANDO;24
1033;76520;PALMIRA;24
1034;76563;PRADERA;24
1035;76606;RESTREPO;24
1036;76616;RIOFRÍO;24
1037;76622;ROLDANILLO;24
1038;76670;SAN PEDRO;24
1039;76736;SEVILLA;24
1040;76823;TORO;24
1041;76828;TRUJILLO;24
1042;76834;TULUÁ;24
1043;76845;ULLOA;24
1044;76863;VERSALLES;24
1045;76869;VIJES;24
1046;76890;YOTOCO;24
1047;76892;YUMBO;24
1048;76895;ZARZAL;24
1049;81001;ARAUCA;25
1050;81065;ARAUQUITA;25
1051;81220;CRAVO NORTE;25
1052;81300;FORTUL;25
1053;81591;PUERTO RONDÓN;25
1054;81736;SARAVENA;25
1055;81794;TAME;25
1056;85001;YOPAL;26
1057;85010;AGUAZUL;26
1058;85015;CHÁMEZA;26
1059;85125;HATO COROZAL;26
1060;85136;LA SALINA;26
1061;85139;MANÍ;26
1062;85162;MONTERREY;26
1063;85225;NUNCHÍA;26
1064;85230;OROCUÉ;26
1065;85250;PAZ DE ARIPORO;26
1066;85263;PORE;26
1067;85279;RECETOR;26
1068;85300;SABANALARGA;26
1069;85315;SÁCAMA;26
1070;85325;SAN LUIS DE PALENQUE;26
1071;85400;TÁMARA;26
1072;85410;TAURAMENA;26
1073;85430;TRINIDAD;26
1074;85440;VILLANUEVA;26
1075;86001;MOCOA;27
1076;86219;COLÓN;27
1077;86320;ORITO;27
1078;86568;PUERTO ASÍS;27
1079;86569;PUERTO CAICEDO;27
1080;86571;PUERTO GUZMÁN;27
1081;86573;PUERTO LEGUÍZAMO;27
1082;86749;SIBUNDOY;27
1083;86755;SAN FRANCISCO;27
1084;86757;SAN MIGUEL;27
1085;86760;SANTIAGO;27
1086;86865;VALLE DEL GUAMUEZ;27
1087;86885;VILLAGARZÓN;27
1088;88001;SAN ANDRÉS;28
1089;88564;PROVIDENCIA;28
1090;91001;LETICIA;29
1091;91263;EL ENCANTO;29
1092;91405;LA CHORRERA;29
1093;91407;LA PEDRERA;29
1094;91430;LA VICTORIA;29
1095;91460;MIRITÍ - PARANÁ;29
1096;91530;PUERTO ALEGRÍA;29
1097;91536;PUERTO ARICA;29
1098;91540;PUERTO NARIÑO;29
1099;91669;PUERTO SANTANDER;29
1100;91798;TARAPACÁ;29
1101;94001;INÍRIDA;30
1102;94343;BARRANCOMINAS;30
1103;94883;SAN FELIPE;30
1104;94884;PUERTO COLOMBIA;30
1105;94885;LA GUADALUPE;30
1106;94886;CACAHUAL;30
1107;94887;PANA PANA;30
1108;94888;MORICHAL;30
1109;95001;SAN JOSÉ DEL GUAVIARE;31
1110;95015;CALAMAR;31
1111;95025;EL RETORNO;31
1112;95200;MIRAFLORES;31
1113;97001;MITÚ;32
1114;97161;CARURÚ;32
1115;97511;PACOA;32
1116;97666;TARAIRA;32
1117;97777;PAPUNAHUA;32
1118;97889;YAVARATÉ;32
1119;99001;PUERTO CARREÑO;33
1120;99524;LA PRIMAVERA;33
1121;99624;SANTA ROSALÍA;33
1122;99773;CUMARIBO;33
